<?xml version="1.0" ?><sweep runs="1"><parameter name="N_DEPENDENT_UNKNOWLEDGEABLE" type="constant" constant_type="int" value="10"></parameter><parameter name="N_INDEPENDENT" type="constant" constant_type="int" value="10"></parameter><parameter name="N_KNOWLEDGEABLE" type="constant" constant_type="int" value="10"></parameter><parameter name="N_INDEPENDENT_KNOWLEDGEABLE" type="constant" constant_type="int" value="10"></parameter><parameter name="scenarioFilename" type="constant" constant_type="java.lang.String" value="scenarios/scenario1.xml"></parameter></sweep>