<repast.simphony.data2.engine.DataSetDescriptor>
  <name>PopulationDataSet</name>
  <type>AGGREGATE</type>
  <inclTick>true</inclTick>
  <inclBatchRun>false</inclBatchRun>
  <inclRandomSeed>false</inclRandomSeed>
  <scheduleParams>
    <start>1.0</start>
    <interval>1.0</interval>
    <priority>-Infinity</priority>
    <pType>LAST</pType>
    <duration>-1.0</duration>
    <frequency>REPEAT</frequency>
    <hashCode>1953476541</hashCode>
  </scheduleParams>
  <atEnd>false</atEnd>
  <methodDataSources class="linked-hash-map">
    <entry>
      <string>AvgAltruism</string>
      <repast.simphony.data2.engine.MethodDataSourceDefinition>
        <id>AvgAltruism</id>
        <className>evacuation_simulation.Person</className>
        <methodName>getAltruism</methodName>
        <aggType>MEAN</aggType>
      </repast.simphony.data2.engine.MethodDataSourceDefinition>
    </entry>
    <entry>
      <string>AvgAreaKnowledge</string>
      <repast.simphony.data2.engine.MethodDataSourceDefinition>
        <id>AvgAreaKnowledge</id>
        <className>evacuation_simulation.Person</className>
        <methodName>getAreaKnowledge</methodName>
        <aggType>MEAN</aggType>
      </repast.simphony.data2.engine.MethodDataSourceDefinition>
    </entry>
    <entry>
      <string>AvgIndependence</string>
      <repast.simphony.data2.engine.MethodDataSourceDefinition>
        <id>AvgIndependence</id>
        <className>evacuation_simulation.Person</className>
        <methodName>getIndependence</methodName>
        <aggType>MEAN</aggType>
      </repast.simphony.data2.engine.MethodDataSourceDefinition>
    </entry>
    <entry>
      <string>AvgMobility</string>
      <repast.simphony.data2.engine.MethodDataSourceDefinition>
        <id>AvgMobility</id>
        <className>evacuation_simulation.Person</className>
        <methodName>getMobility</methodName>
        <aggType>MEAN</aggType>
      </repast.simphony.data2.engine.MethodDataSourceDefinition>
    </entry>
    <entry>
      <string>AvgPanic</string>
      <repast.simphony.data2.engine.MethodDataSourceDefinition>
        <id>AvgPanic</id>
        <className>evacuation_simulation.Person</className>
        <methodName>getPanic</methodName>
        <aggType>MEAN</aggType>
      </repast.simphony.data2.engine.MethodDataSourceDefinition>
    </entry>
    <entry>
      <string>AvgPatience</string>
      <repast.simphony.data2.engine.MethodDataSourceDefinition>
        <id>AvgPatience</id>
        <className>evacuation_simulation.Person</className>
        <methodName>getPatience</methodName>
        <aggType>MEAN</aggType>
      </repast.simphony.data2.engine.MethodDataSourceDefinition>
    </entry>
    <entry>
      <string>DeathCount</string>
      <repast.simphony.data2.engine.MethodDataSourceDefinition>
        <id>DeathCount</id>
        <className>evacuation_simulation.Person</className>
        <methodName>intIsDead</methodName>
        <aggType>SUM</aggType>
      </repast.simphony.data2.engine.MethodDataSourceDefinition>
    </entry>
    <entry>
      <string>EscapeeCount</string>
      <repast.simphony.data2.engine.MethodDataSourceDefinition>
        <id>EscapeeCount</id>
        <className>evacuation_simulation.Person</className>
        <methodName>intExitReached</methodName>
        <aggType>SUM</aggType>
      </repast.simphony.data2.engine.MethodDataSourceDefinition>
    </entry>
  </methodDataSources>
  <countSources class="linked-hash-map"/>
  <customNADataSources class="linked-hash-map"/>
  <customAggDataSources class="linked-hash-map"/>
</repast.simphony.data2.engine.DataSetDescriptor>