<repast.simphony.chart2.engine.TimeSeriesChartDescriptor>
  <name>Agent Atributes Average</name>
  <dataSet>PopulationDataSet</dataSet>
  <xAxisLabel>Tick Count</xAxisLabel>
  <yAxisLabel></yAxisLabel>
  <chartTitle>All The Data</chartTitle>
  <type>TIME_SERIES</type>
  <background>
    <red>192</red>
    <green>192</green>
    <blue>192</blue>
    <alpha>255</alpha>
  </background>
  <gridLineColor>
    <red>255</red>
    <green>255</green>
    <blue>255</blue>
    <alpha>255</alpha>
  </gridLineColor>
  <showGrid>true</showGrid>
  <showLegend>true</showLegend>
  <seriesIds>
    <entry>
      <string>AvgAreaKnowledge</string>
      <SeriesData>
        <label>AvgAreaKnowledge</label>
        <color>
          <red>255</red>
          <green>0</green>
          <blue>0</blue>
          <alpha>255</alpha>
        </color>
      </SeriesData>
    </entry>
    <entry>
      <string>AvgPanic</string>
      <SeriesData>
        <label>AvgPanic</label>
        <color>
          <red>255</red>
          <green>200</green>
          <blue>0</blue>
          <alpha>255</alpha>
        </color>
      </SeriesData>
    </entry>
    <entry>
      <string>AvgAltruism</string>
      <SeriesData>
        <label>AvgAltruism</label>
        <color>
          <red>0</red>
          <green>0</green>
          <blue>255</blue>
          <alpha>255</alpha>
        </color>
      </SeriesData>
    </entry>
    <entry>
      <string>AvgMobility</string>
      <SeriesData>
        <label>AvgMobility</label>
        <color>
          <red>255</red>
          <green>0</green>
          <blue>255</blue>
          <alpha>255</alpha>
        </color>
      </SeriesData>
    </entry>
    <entry>
      <string>AvgPatience</string>
      <SeriesData>
        <label>AvgPatience</label>
        <color>
          <red>0</red>
          <green>255</green>
          <blue>255</blue>
          <alpha>255</alpha>
        </color>
      </SeriesData>
    </entry>
  </seriesIds>
  <dataValueIds/>
  <plotRangeLength>-1</plotRangeLength>
</repast.simphony.chart2.engine.TimeSeriesChartDescriptor>