<scenario 
    panicVariation="10"
    mobilityVariation="10"
    knowledgeAcquisitionFactor=".9"
    patienceVariation="10"
    patienceThreshold="10"
>
  <person>
    	<position x="20" y="8" />
        <areaKnowledge>90</areaKnowledge>
        <altruism>50</altruism>
        <independence>100</independence>
        <mobility>25</mobility>
        <panic>0</panic>
        <age>25</age>
    </person>
    
    <person>
    	<position x="21" y="8" />
        <areaKnowledge>40</areaKnowledge>
        <altruism>100</altruism>
        <independence>100</independence>
        <mobility>100</mobility>
        <panic>0</panic>
        <age>25</age>
    </person>

</scenario>