<scenario 
    panicVariation="10"
    mobilityVariation="10"
    knowledgeAcquisitionFactor=".9"
    patienceVariation="10"
    patienceThreshold="10"
>
  	<person>
    	<position x="2" y="2" />
        <areaKnowledge>0</areaKnowledge>
        <altruism>50</altruism>
        <independence>100</independence>
        <mobility>100</mobility>
        <panic>0</panic>
        <age>25</age>
    </person>
    <person>
    	<position x="1" y="2" />
        <areaKnowledge>0</areaKnowledge>
        <altruism>50</altruism>
        <independence>100</independence>
        <mobility>0</mobility>
        <panic>0</panic>
        <age>25</age>
    </person>
    <person>
    	<position x="3" y="2" />
        <areaKnowledge>0</areaKnowledge>
        <altruism>50</altruism>
        <independence>100</independence>
        <mobility>0</mobility>
        <panic>0</panic>
        <age>25</age>
    </person>
</scenario>