<scenario 
    panicVariation="10"
    mobilityVariation="10"
    knowledgeAcquisitionFactor=".9"
    patienceVariation="10"
    patienceThreshold="10"
>
    <person>
        <areaKnowledge>75</areaKnowledge>
        <independence>100</independence>
        <altruism>0</altruism>
    </person>
    <person>
        <areaKnowledge>80</areaKnowledge>
        <independence>85</independence>
        <altruism>10</altruism>
    </person>
    <person>
        <areaKnowledge>100</areaKnowledge>
        <independence>90</independence>
        <altruism>20</altruism>
    </person>
    <person>
        <areaKnowledge>85</areaKnowledge>
        <independence>70</independence>
        <altruism>5</altruism>
    </person>
    <person>
        <areaKnowledge>65</areaKnowledge>
        <independence>75</independence>
        <altruism>0</altruism>
    </person>
    <person>
        <areaKnowledge>75</areaKnowledge>
        <independence>80</independence>
        <altruism>0</altruism>
    </person>
    <person>
        <areaKnowledge>85</areaKnowledge>
        <independence>90</independence>
        <altruism>15</altruism>
    </person>
    <person>
        <areaKnowledge>100</areaKnowledge>
        <independence>95</independence>
        <altruism>40</altruism>
    </person>
    <person>
        <areaKnowledge>95</areaKnowledge>
        <independence>75</independence>
        <altruism>40</altruism>
    </person>
    <person>
        <areaKnowledge>65</areaKnowledge>
        <independence>85</independence>
        <altruism>0</altruism>
    </person>
    <person>
        <areaKnowledge>80</areaKnowledge>
        <independence>90</independence>
        <altruism>30</altruism>
    </person>
    <person>
        <areaKnowledge>75</areaKnowledge>
        <independence>95</independence>
        <altruism>10</altruism>
    </person>
    <person>
        <areaKnowledge>75</areaKnowledge>
        <independence>75</independence>
        <altruism>20</altruism>
    </person>
    <person>
        <areaKnowledge>85</areaKnowledge>
        <independence>80</independence>
        <altruism>0</altruism>
    </person>
    <person>
        <areaKnowledge>60</areaKnowledge>
        <independence>65</independence>
        <altruism>5</altruism>
    </person>
    <person>
        <areaKnowledge>75</areaKnowledge>
        <independence>55</independence>
        <altruism>0</altruism>
    </person>
    <person>
        <areaKnowledge>100</areaKnowledge>
        <independence>60</independence>
        <altruism>0</altruism>
    </person>
    <person>
        <areaKnowledge>85</areaKnowledge>
        <independence>70</independence>
        <altruism>0</altruism>
    </person>
    <person>
        <areaKnowledge>55</areaKnowledge>
        <independence>65</independence>
        <altruism>0</altruism>
    </person>
    <person>
        <areaKnowledge>35</areaKnowledge>
        <independence>85</independence>
        <altruism>10</altruism>
    </person>
    <person>
        <areaKnowledge>25</areaKnowledge>
        <independence>100</independence>
        <altruism>10</altruism>
    </person>
    <person>
        <areaKnowledge>15</areaKnowledge>
        <independence>75</independence>
        <altruism>10</altruism>
    </person>
    <person>
        <areaKnowledge>5</areaKnowledge>
        <independence>80</independence>
        <altruism>10</altruism>
    </person>
    <person>
        <areaKnowledge>35</areaKnowledge>
        <independence>95</independence>
        <altruism>10</altruism>
    </person>
    <person>
        <areaKnowledge>15</areaKnowledge>
        <independence>90</independence>
        <altruism>10</altruism>
    </person>
    <person>
        <areaKnowledge>5</areaKnowledge>
        <independence>60</independence>
        <altruism>10</altruism>
    </person>
    <person>
        <areaKnowledge>45</areaKnowledge>
        <independence>80</independence>
        <altruism>10</altruism>
    </person>
    <person>
        <areaKnowledge>10</areaKnowledge>
        <independence>85</independence>
        <altruism>10</altruism>
    </person>
    <person>
        <areaKnowledge>45</areaKnowledge>
        <independence>90</independence>
        <altruism>10</altruism>
    </person>
    <person>
        <areaKnowledge>45</areaKnowledge>
        <independence>60</independence>
        <altruism>10</altruism>
    </person>
    <person>
        <areaKnowledge>45</areaKnowledge>
        <independence>65</independence>
        <altruism>10</altruism>
    </person><person>
        <areaKnowledge>35</areaKnowledge>
        <independence>70</independence>
        <altruism>10</altruism>
    </person>
    <person>
        <areaKnowledge>45</areaKnowledge>
        <independence>75</independence>
        <altruism>10</altruism>
    </person>
    <person>
        <areaKnowledge>45</areaKnowledge>
        <independence>80</independence>
        <altruism>10</altruism>
    </person>
    <person>
        <areaKnowledge>45</areaKnowledge>
        <independence>90</independence>
        <altruism>10</altruism>
    </person>
    <person>
        <areaKnowledge>45</areaKnowledge>
        <independence>95</independence>
        <altruism>10</altruism>
    </person>
    <person>
        <areaKnowledge>45</areaKnowledge>
        <independence>85</independence>
        <altruism>10</altruism>
    </person>
    <person>
        <areaKnowledge>45</areaKnowledge>
        <independence>75</independence>
        <altruism>10</altruism>
    </person>
    <person>
        <areaKnowledge>45</areaKnowledge>
        <independence>100</independence>
        <altruism>10</altruism>
    </person>
    <person>
        <areaKnowledge>45</areaKnowledge>
        <independence>100</independence>
        <altruism>10</altruism>
    </person>
    <person>
        <areaKnowledge>45</areaKnowledge>
        <independence>70</independence>
        <altruism>10</altruism>
    </person>
    <person>
        <areaKnowledge>45</areaKnowledge>
        <independence>75</independence>
        <altruism>10</altruism>
    </person>
    <person>
        <areaKnowledge>45</areaKnowledge>
        <independence>80</independence>
        <panic>25</panic>
        <altruism>10</altruism>
    </person>
    <person>
        <areaKnowledge>45</areaKnowledge>
        <independence>70</independence>
        <panic>25</panic>
        <altruism>10</altruism>
    </person><person>
        <areaKnowledge>45</areaKnowledge>
        <independence>75</independence>
        <panic>75</panic>
        <altruism>10</altruism>
    </person>
    <person>
        <areaKnowledge>45</areaKnowledge>
        <independence>90</independence>
        <panic>25</panic>
        <altruism>10</altruism>
    </person>
    <person>
        <areaKnowledge>45</areaKnowledge>
        <independence>80</independence>
        <altruism>10</altruism>
    </person>
</scenario>